<?xml version="1.0" encoding="UTF-8"?>
<!DOCTYPE mapper PUBLIC "-//mybatis.org//DTD Mapper 3.0//EN" "http://mybatis.org/dtd/mybatis-3-mapper.dtd">
<mapper namespace="com.mycom.practice.dao.BookDao"> <!-- !Mapper annotation 있는 dao -->

	<select id="detail" parameterType="int"
		resultType="com.mycom.practice.dto.BookDto">
		select isbn, title, author, price
		from book
		where isbn = #{isbn}
	</select>

	<select id="list" resultType="com.mycom.practice.dto.BookDto">
		select isbn, title, author, price
		from book
	</select>

	<insert id="insert"
		parameterType="com.mycom.practice.dto.BookDto">
		insert into book (title, author, price )
		values( #{title}, #{author}, #{price})
	</insert>

	<update id="update"
		parameterType="com.mycom.practice.dto.BookDto">
		update book
		set title = #{title}, author = #{author}, price = #{price}
		where isbn = #{isbn}
	</update>

	<delete id="delete" parameterType="int">
		delete from book
		where isbn = #{isbn}
	</delete>



</mapper>